1522879259;05.04.18;00:00:59;420
1522879320;05.04.18;00:02:00;431
1522879381;05.04.18;00:03:01;508
1522879441;05.04.18;00:04:01;420
1522879502;05.04.18;00:05:02;412
1522879563;05.04.18;00:06:03;416
1522879624;05.04.18;00:07:04;426
1522879684;05.04.18;00:08:04;568
1522879745;05.04.18;00:09:05;502
1522879806;05.04.18;00:10:06;414
1522879867;05.04.18;00:11:07;415
1522879927;05.04.18;00:12:07;419
1522879988;05.04.18;00:13:08;431
1522880049;05.04.18;00:14:09;512
1522880110;05.04.18;00:15:10;440
1522880171;05.04.18;00:16:11;412
1522880231;05.04.18;00:17:11;416
1522880292;05.04.18;00:18:12;426
1522880353;05.04.18;00:19:13;433
1522880414;05.04.18;00:20:14;504
1522880474;05.04.18;00:21:14;412
1522880535;05.04.18;00:22:15;413
1522880596;05.04.18;00:23:16;416
1522880657;05.04.18;00:24:17;430
1522880718;05.04.18;00:25:18;516
1522880778;05.04.18;00:26:18;498
1522880839;05.04.18;00:27:19;410
1522880900;05.04.18;00:28:20;412
1522880961;05.04.18;00:29:21;420
1522881021;05.04.18;00:30:21;428
1522881082;05.04.18;00:31:22;514
1522881143;05.04.18;00:32:23;499
1522881204;05.04.18;00:33:24;413
1522881264;05.04.18;00:34:24;413
1522881325;05.04.18;00:35:25;421
1522881386;05.04.18;00:36:26;431
1522881447;05.04.18;00:37:27;512
1522881508;05.04.18;00:38:28;493
1522881568;05.04.18;00:39:28;411
1522881629;05.04.18;00:40:29;413
1522881690;05.04.18;00:41:30;420
1522881751;05.04.18;00:42:31;434
1522881812;05.04.18;00:43:32;506
1522881872;05.04.18;00:44:32;413
1522881933;05.04.18;00:45:33;412
1522881994;05.04.18;00:46:34;413
1522882055;05.04.18;00:47:35;424
1522882115;05.04.18;00:48:35;435
1522882176;05.04.18;00:49:36;501
1522882237;05.04.18;00:50:37;411
1522882298;05.04.18;00:51:38;411
1522882359;05.04.18;00:52:39;417
1522882419;05.04.18;00:53:39;426
1522882480;05.04.18;00:54:40;554
1522882541;05.04.18;00:55:41;501
1522882602;05.04.18;00:56:42;411
1522882663;05.04.18;00:57:43;413
1522882723;05.04.18;00:58:43;418
1522882784;05.04.18;00:59:44;428
1522882845;05.04.18;01:00:45;534
1522882906;05.04.18;01:01:46;5950
1522882966;05.04.18;01:02:46;6056
1522883027;05.04.18;01:03:47;436
1522883088;05.04.18;01:04:48;420
1522883149;05.04.18;01:05:49;436
1522883209;05.04.18;01:06:49;507
1522883270;05.04.18;01:07:50;412
1522883331;05.04.18;01:08:51;412
1522883392;05.04.18;01:09:52;422
1522883452;05.04.18;01:10:52;435
1522883513;05.04.18;01:11:53;506
1522883574;05.04.18;01:12:54;415
1522883634;05.04.18;01:13:54;412
1522883695;05.04.18;01:14:55;417
1522883756;05.04.18;01:15:56;428
1522883817;05.04.18;01:16:57;522
1522883878;05.04.18;01:17:58;500
1522883938;05.04.18;01:18:58;414
1522883999;05.04.18;01:19:59;413
1522884060;05.04.18;01:21:00;421
1522884120;05.04.18;01:22:00;434
1522884181;05.04.18;01:23:01;507
1522884242;05.04.18;01:24:02;412
1522884303;05.04.18;01:25:03;412
1522884363;05.04.18;01:26:03;417
1522884424;05.04.18;01:27:04;427
1522884485;05.04.18;01:28:05;526
1522884546;05.04.18;01:29:06;500
1522884606;05.04.18;01:30:06;412
1522884667;05.04.18;01:31:07;413
1522884728;05.04.18;01:32:08;419
1522884788;05.04.18;01:33:08;431
1522884849;05.04.18;01:34:09;510
1522884910;05.04.18;01:35:10;437
1522884971;05.04.18;01:36:11;410
1522885032;05.04.18;01:37:12;414
1522885092;05.04.18;01:38:12;423
1522885153;05.04.18;01:39:13;431
1522885214;05.04.18;01:40:14;506
1522885275;05.04.18;01:41:15;412
1522885336;05.04.18;01:42:16;412
1522885396;05.04.18;01:43:16;414
1522885457;05.04.18;01:44:17;426
1522885518;05.04.18;01:45:18;560
1522885579;05.04.18;01:46:19;500
1522885639;05.04.18;01:47:19;411
1522885700;05.04.18;01:48:20;413
1522885761;05.04.18;01:49:21;418
1522885822;05.04.18;01:50:22;429
1522885882;05.04.18;01:51:22;518
1522885943;05.04.18;01:52:23;501
1522886004;05.04.18;01:53:24;411
1522886065;05.04.18;01:54:25;414
1522886125;05.04.18;01:55:25;420
1522886186;05.04.18;01:56:26;431
1522886247;05.04.18;01:57:27;514
1522886308;05.04.18;01:58:28;500
1522886369;05.04.18;01:59:29;415
1522886429;05.04.18;02:00:29;415
1522886490;05.04.18;02:01:30;422
1522886551;05.04.18;02:02:31;432
1522886611;05.04.18;02:03:31;511
1522886672;05.04.18;02:04:32;414
1522886733;05.04.18;02:05:33;414
1522886794;05.04.18;02:06:34;417
1522886855;05.04.18;02:07:35;5937
1522886915;05.04.18;02:08:35;2639
1522886976;05.04.18;02:09:36;509
1522887037;05.04.18;02:10:37;414
1522887098;05.04.18;02:11:38;419
1522887158;05.04.18;02:12:38;430
1522887219;05.04.18;02:13:39;514
1522887280;05.04.18;02:14:40;497
1522887341;05.04.18;02:15:41;413
1522887402;05.04.18;02:16:42;418
1522887462;05.04.18;02:17:42;429
1522887523;05.04.18;02:18:43;522
1522887584;05.04.18;02:19:44;500
1522887645;05.04.18;02:20:45;415
1522887705;05.04.18;02:21:45;416
1522887766;05.04.18;02:22:46;426
1522887827;05.04.18;02:23:47;577
1522887888;05.04.18;02:24:48;504
1522887948;05.04.18;02:25:48;413
1522888009;05.04.18;02:26:49;416
1522888070;05.04.18;02:27:50;425
1522888131;05.04.18;02:28:51;438
1522888191;05.04.18;02:29:51;508
1522888252;05.04.18;02:30:52;414
1522888313;05.04.18;02:31:53;415
1522888373;05.04.18;02:32:53;422
1522888434;05.04.18;02:33:54;432
1522888495;05.04.18;02:34:55;514
1522888556;05.04.18;02:35:56;422
1522888617;05.04.18;02:36:57;415
1522888678;05.04.18;02:37:58;418
1522888738;05.04.18;02:38:58;428
1522888799;05.04.18;02:39:59;531
1522888860;05.04.18;02:41:00;501
1522888921;05.04.18;02:42:01;414
1522888981;05.04.18;02:43:01;414
1522889042;05.04.18;02:44:02;424
1522889103;05.04.18;02:45:03;435
1522889164;05.04.18;02:46:04;511
1522889224;05.04.18;02:47:04;415
1522889285;05.04.18;02:48:05;416
1522889346;05.04.18;02:49:06;418
1522889407;05.04.18;02:50:07;430
1522889468;05.04.18;02:51:08;516
1522889528;05.04.18;02:52:08;499
1522889589;05.04.18;02:53:09;413
1522889650;05.04.18;02:54:10;415
1522889710;05.04.18;02:55:10;421
1522889771;05.04.18;02:56:11;433
1522889832;05.04.18;02:57:12;509
1522889893;05.04.18;02:58:13;414
1522889953;05.04.18;02:59:13;415
1522890014;05.04.18;03:00:14;418
1522890075;05.04.18;03:01:15;430
1522890136;05.04.18;03:02:16;525
1522890196;05.04.18;03:03:16;500
1522890257;05.04.18;03:04:17;413
1522890318;05.04.18;03:05:18;416
1522890379;05.04.18;03:06:19;423
1522890439;05.04.18;03:07:19;440
1522890500;05.04.18;03:08:20;510
1522890561;05.04.18;03:09:21;413
1522890622;05.04.18;03:10:22;415
1522890682;05.04.18;03:11:22;420
1522890743;05.04.18;03:12:23;5856
1522890804;05.04.18;03:13:24;6200
1522890865;05.04.18;03:14:25;469
1522890925;05.04.18;03:15:25;414
1522890986;05.04.18;03:16:26;420
1522891047;05.04.18;03:17:27;435
1522891108;05.04.18;03:18:28;507
1522891168;05.04.18;03:19:28;415
1522891229;05.04.18;03:20:29;415
1522891290;05.04.18;03:21:30;421
1522891351;05.04.18;03:22:31;431
1522891411;05.04.18;03:23:31;508
1522891472;05.04.18;03:24:32;414
1522891533;05.04.18;03:25:33;413
1522891593;05.04.18;03:26:33;419
1522891654;05.04.18;03:27:34;429
1522891715;05.04.18;03:28:35;513
1522891776;05.04.18;03:29:36;482
1522891836;05.04.18;03:30:36;414
1522891897;05.04.18;03:31:37;416
1522891958;05.04.18;03:32:38;427
1522892018;05.04.18;03:33:38;535
1522892079;05.04.18;03:34:39;501
1522892140;05.04.18;03:35:40;413
1522892201;05.04.18;03:36:41;416
1522892262;05.04.18;03:37:42;423
1522892322;05.04.18;03:38:42;435
1522892383;05.04.18;03:39:43;506
1522892444;05.04.18;03:40:44;414
1522892505;05.04.18;03:41:45;412
1522892565;05.04.18;03:42:45;420
1522892626;05.04.18;03:43:46;432
1522892687;05.04.18;03:44:47;508
1522892748;05.04.18;03:45:48;412
1522892809;05.04.18;03:46:49;413
1522892869;05.04.18;03:47:49;418
1522892930;05.04.18;03:48:50;428
1522892991;05.04.18;03:49:51;520
1522893051;05.04.18;03:50:51;500
1522893112;05.04.18;03:51:52;414
1522893173;05.04.18;03:52:53;413
1522893234;05.04.18;03:53:54;423
1522893295;05.04.18;03:54:55;434
1522893355;05.04.18;03:55:55;503
1522893416;05.04.18;03:56:56;412
1522893477;05.04.18;03:57:57;413
1522893538;05.04.18;03:58:58;418
1522893598;05.04.18;03:59:58;430
1522893659;05.04.18;04:00:59;510
1522893720;05.04.18;04:02:00;416
1522893781;05.04.18;04:03:01;410
1522893842;05.04.18;04:04:02;413
1522893902;05.04.18;04:05:02;425
1522893963;05.04.18;04:06:03;571
1522894024;05.04.18;04:07:04;501
1522894084;05.04.18;04:08:04;412
1522894145;05.04.18;04:09:05;412
1522894206;05.04.18;04:10:06;419
1522894267;05.04.18;04:11:07;432
1522894327;05.04.18;04:12:07;511
1522894388;05.04.18;04:13:08;414
1522894449;05.04.18;04:14:09;411
1522894510;05.04.18;04:15:10;415
1522894570;05.04.18;04:16:10;424
1522894631;05.04.18;04:17:11;571
1522894692;05.04.18;04:18:12;5962
1522894753;05.04.18;04:19:13;6111
1522894813;05.04.18;04:20:13;425
1522894874;05.04.18;04:21:14;428
1522894935;05.04.18;04:22:15;511
1522894996;05.04.18;04:23:16;414
1522895056;05.04.18;04:24:16;413
1522895117;05.04.18;04:25:17;419
1522895178;05.04.18;04:26:18;433
1522895239;05.04.18;04:27:19;509
1522895299;05.04.18;04:28:19;415
1522895360;05.04.18;04:29:20;412
1522895421;05.04.18;04:30:21;417
1522895482;05.04.18;04:31:22;430
1522895542;05.04.18;04:32:22;508
1522895603;05.04.18;04:33:23;416
1522895664;05.04.18;04:34:24;412
1522895725;05.04.18;04:35:25;416
1522895785;05.04.18;04:36:25;429
1522895846;05.04.18;04:37:26;515
1522895907;05.04.18;04:38:27;495
1522895968;05.04.18;04:39:28;409
1522896028;05.04.18;04:40:28;414
1522896089;05.04.18;04:41:29;422
1522896150;05.04.18;04:42:30;519
1522896211;05.04.18;04:43:31;501
1522896272;05.04.18;04:44:32;411
1522896332;05.04.18;04:45:32;413
1522896393;05.04.18;04:46:33;418
1522896454;05.04.18;04:47:34;427
1522896515;05.04.18;04:48:35;509
1522896575;05.04.18;04:49:35;447
1522896636;05.04.18;04:50:36;410
1522896697;05.04.18;04:51:37;411
1522896757;05.04.18;04:52:37;420
1522896818;05.04.18;04:53:38;433
1522896879;05.04.18;04:54:39;503
1522896940;05.04.18;04:55:40;410
1522897001;05.04.18;04:56:41;410
1522897061;05.04.18;04:57:41;414
1522897122;05.04.18;04:58:42;424
1522897183;05.04.18;04:59:43;518
1522897244;05.04.18;05:00:44;495
1522897304;05.04.18;05:01:44;409
1522897365;05.04.18;05:02:45;409
1522897426;05.04.18;05:03:46;417
1522897487;05.04.18;05:04:47;429
1522897547;05.04.18;05:05:47;509
1522897608;05.04.18;05:06:48;419
1522897669;05.04.18;05:07:49;410
1522897730;05.04.18;05:08:50;411
1522897790;05.04.18;05:09:50;422
1522897851;05.04.18;05:10:51;432
1522897912;05.04.18;05:11:52;501
1522897973;05.04.18;05:12:53;408
1522898033;05.04.18;05:13:53;409
1522898094;05.04.18;05:14:54;415
1522898155;05.04.18;05:15:55;424
1522898216;05.04.18;05:16:56;554
1522898276;05.04.18;05:17:56;496
1522898337;05.04.18;05:18:57;409
1522898398;05.04.18;05:19:58;411
1522898459;05.04.18;05:20:59;418
1522898519;05.04.18;05:21:59;428
1522898580;05.04.18;05:23:00;520
1522898641;05.04.18;05:24:01;5986
1522898702;05.04.18;05:25:02;1711
1522898762;05.04.18;05:26:02;427
1522898823;05.04.18;05:27:03;552
1522898884;05.04.18;05:28:04;496
1522898945;05.04.18;05:29:05;411
1522899006;05.04.18;05:30:06;413
1522899066;05.04.18;05:31:06;424
1522899127;05.04.18;05:32:07;563
1522899188;05.04.18;05:33:08;495
1522899249;05.04.18;05:34:09;408
1522899309;05.04.18;05:35:09;411
1522899370;05.04.18;05:36:10;420
1522899431;05.04.18;05:37:11;434
1522899492;05.04.18;05:38:12;499
1522899552;05.04.18;05:39:12;408
1522899613;05.04.18;05:40:13;410
1522899674;05.04.18;05:41:14;417
1522899735;05.04.18;05:42:15;427
1522899795;05.04.18;05:43:15;506
1522899856;05.04.18;05:44:16;411
1522899917;05.04.18;05:45:17;409
1522899978;05.04.18;05:46:18;412
1522900039;05.04.18;05:47:19;422
1522900099;05.04.18;05:48:19;558
1522900160;05.04.18;05:49:20;496
1522900221;05.04.18;05:50:21;407
1522900282;05.04.18;05:51:22;409
1522900342;05.04.18;05:52:22;417
1522900403;05.04.18;05:53:23;428
1522900464;05.04.18;05:54:24;503
1522900525;05.04.18;05:55:25;407
1522900585;05.04.18;05:56:25;411
1522900646;05.04.18;05:57:26;412
1522900707;05.04.18;05:58:27;423
1522900768;05.04.18;05:59:28;567
1522900828;05.04.18;06:00:28;495
1522900889;05.04.18;06:01:29;407
1522900950;05.04.18;06:02:30;409
1522901011;05.04.18;06:03:31;416
1522901072;05.04.18;06:04:32;428
1522901132;05.04.18;06:05:32;506
1522901193;05.04.18;06:06:33;411
1522901254;05.04.18;06:07:34;411
1522901315;05.04.18;06:08:35;412
1522901375;05.04.18;06:09:35;424
1522901436;05.04.18;06:10:36;566
1522901497;05.04.18;06:11:37;499
1522901558;05.04.18;06:12:38;409
1522901618;05.04.18;06:13:38;412
1522901679;05.04.18;06:14:39;417
1522901740;05.04.18;06:15:40;428
1522901801;05.04.18;06:16:41;508
1522901862;05.04.18;06:17:42;412
1522901922;05.04.18;06:18:42;412
1522901983;05.04.18;06:19:43;415
1522902044;05.04.18;06:20:44;428
1522902105;05.04.18;06:21:45;512
1522902165;05.04.18;06:22:45;496
1522902226;05.04.18;06:23:46;5852
1522902287;05.04.18;06:24:47;6050
1522902348;05.04.18;06:25:48;1712
1522902409;05.04.18;06:26:49;524
1522902469;05.04.18;06:27:49;413
1522902530;05.04.18;06:28:50;413
1522902591;05.04.18;06:29:51;421
1522902652;05.04.18;06:30:52;4094
1522902712;05.04.18;06:31:52;6021
1522902773;05.04.18;06:32:53;6180
1522902834;05.04.18;06:33:54;531
1522902895;05.04.18;06:34:55;412
1522902956;05.04.18;06:35:56;413
1522903016;05.04.18;06:36:56;426
1522903077;05.04.18;06:37:57;510
1522903138;05.04.18;06:38:58;5846
1522903199;05.04.18;06:39:59;6067
1522903259;05.04.18;06:40:59;1924
1522903320;05.04.18;06:42:00;525
1522903381;05.04.18;06:43:01;422
1522903442;05.04.18;06:44:02;412
1522903502;05.04.18;06:45:02;420
1522903563;05.04.18;06:46:03;5770
1522903624;05.04.18;06:47:04;5972
1522903685;05.04.18;06:48:05;6091
1522903746;05.04.18;06:49:06;437
1522903806;05.04.18;06:50:06;427
1522903867;05.04.18;06:51:07;504
1522903928;05.04.18;06:52:08;411
1522903989;05.04.18;06:53:09;413
1522904049;05.04.18;06:54:09;5813
1522904110;05.04.18;06:55:10;5983
1522904171;05.04.18;06:56:11;1777
1522904232;05.04.18;06:57:12;419
1522904292;05.04.18;06:58:12;415
1522904353;05.04.18;06:59:13;428
1522904414;05.04.18;07:00:14;500
1522904475;05.04.18;07:01:15;408
1522904536;05.04.18;07:02:16;5973
1522904596;05.04.18;07:03:16;6171
1522904657;05.04.18;07:04:17;443
1522904718;05.04.18;07:05:18;553
1522904779;05.04.18;07:06:19;493
1522904839;05.04.18;07:07:19;403
1522904900;05.04.18;07:08:20;413
1522904961;05.04.18;07:09:21;5946
1522905022;05.04.18;07:10:22;6025
1522905083;05.04.18;07:11:23;1663
1522905143;05.04.18;07:12:23;429
1522905204;05.04.18;07:13:24;494
1522905265;05.04.18;07:14:25;405
1522905325;05.04.18;07:15:25;410
1522905386;05.04.18;07:16:26;5859
1522905447;05.04.18;07:17:27;6047
1522905508;05.04.18;07:18:28;427
1522905568;05.04.18;07:19:28;405
1522905629;05.04.18;07:20:29;409
1522905690;05.04.18;07:21:30;1349
1522905751;05.04.18;07:22:31;5926
1522905812;05.04.18;07:23:32;5985
1522905872;05.04.18;07:24:32;6082
1522905933;05.04.18;07:25:33;425
1522905994;05.04.18;07:26:34;412
1522906054;05.04.18;07:27:34;426
1522906115;05.04.18;07:28:35;5944
1522906176;05.04.18;07:29:36;5953
1522906237;05.04.18;07:30:37;6064
1522906297;05.04.18;07:31:37;423
1522906358;05.04.18;07:32:38;406
1522906419;05.04.18;07:33:39;410
1522906480;05.04.18;07:34:40;5758
1522906540;05.04.18;07:35:40;5936
1522906601;05.04.18;07:36:41;2165
1522906662;05.04.18;07:37:42;509
1522906723;05.04.18;07:38:43;413
1522906784;05.04.18;07:39:44;414
1522906844;05.04.18;07:40:44;5809
1522906905;05.04.18;07:41:45;6025
1522906966;05.04.18;07:42:46;3426
1522907027;05.04.18;07:43:47;568
1522907087;05.04.18;07:44:47;510
1522907148;05.04.18;07:45:48;1492
1522907209;05.04.18;07:46:49;5941
1522907270;05.04.18;07:47:50;6000
1522907330;05.04.18;07:48:50;2484
1522907391;05.04.18;07:49:51;430
1522907452;05.04.18;07:50:52;415
1522907513;05.04.18;07:51:53;422
1522907573;05.04.18;07:52:53;5829
1522907634;05.04.18;07:53:54;5957
1522907695;05.04.18;07:54:55;6181
1522907756;05.04.18;07:55:56;566
1522907816;05.04.18;07:56:56;508
1522907877;05.04.18;07:57:57;496
1522907938;05.04.18;07:58:58;5853
1522907999;05.04.18;07:59:59;6020
1522908059;05.04.18;08:00:59;6204
1522908120;05.04.18;08:02:00;1731
1522908181;05.04.18;08:03:01;504
1522908242;05.04.18;08:04:02;411
1522908302;05.04.18;08:05:02;5712
1522908363;05.04.18;08:06:03;6007
1522908424;05.04.18;08:07:04;6077
1522908485;05.04.18;08:08:05;1655
1522908546;05.04.18;08:09:06;423
1522908606;05.04.18;08:10:06;415
1522908667;05.04.18;08:11:07;5613
1522908728;05.04.18;08:12:08;5863
1522908789;05.04.18;08:13:09;6008
1522908849;05.04.18;08:14:09;1772
1522908910;05.04.18;08:15:10;509
1522908971;05.04.18;08:16:11;495
1522909032;05.04.18;08:17:12;411
1522909092;05.04.18;08:18:12;5753
1522909153;05.04.18;08:19:13;5974
1522909214;05.04.18;08:20:14;6199
1522909275;05.04.18;08:21:15;446
1522909335;05.04.18;08:22:15;426
1522909396;05.04.18;08:23:16;433
1522909457;05.04.18;08:24:17;511
1522909518;05.04.18;08:25:18;5849
1522909579;05.04.18;08:26:19;6060
1522909639;05.04.18;08:27:19;1863
1522909700;05.04.18;08:28:20;442
1522909761;05.04.18;08:29:21;513
1522909821;05.04.18;08:30:21;504
1522909882;05.04.18;08:31:22;497
1522909943;05.04.18;08:32:23;5935
1522910004;05.04.18;08:33:24;5926
1522910065;05.04.18;08:34:25;6188
1522910125;05.04.18;08:35:25;456
1522910186;05.04.18;08:36:26;566
1522910247;05.04.18;08:37:27;508
1522910308;05.04.18;08:38:28;5939
1522910369;05.04.18;08:39:29;6100
1522910429;05.04.18;08:40:29;1692
1522910490;05.04.18;08:41:30;433
1522910551;05.04.18;08:42:31;435
1522910612;05.04.18;08:43:32;512
1522910673;05.04.18;08:44:33;501
1522910733;05.04.18;08:45:33;5745
1522910794;05.04.18;08:46:34;6051
1522910855;05.04.18;08:47:35;3032
1522910916;05.04.18;08:48:36;526
1522910976;05.04.18;08:49:36;499
1522911037;05.04.18;08:50:37;443
1522911098;05.04.18;08:51:38;413
1522911159;05.04.18;08:52:39;411
1522911220;05.04.18;08:53:40;5857
1522911280;05.04.18;08:54:40;6136
1522911341;05.04.18;08:55:41;1657
1522911402;05.04.18;08:56:42;423
1522911462;05.04.18;08:57:42;417
1522911523;05.04.18;08:58:43;427
1522911584;05.04.18;08:59:44;436
1522911645;05.04.18;09:00:45;5862
1522911706;05.04.18;09:01:46;5960
1522911766;05.04.18;09:02:46;2127
1522911827;05.04.18;09:03:47;524
1522911888;05.04.18;09:04:48;496
1522911949;05.04.18;09:05:49;412
1522912009;05.04.18;09:06:49;414
1522912070;05.04.18;09:07:50;416
1522912131;05.04.18;09:08:51;5857
1522912192;05.04.18;09:09:52;6145
1522912252;05.04.18;09:10:52;451
1522912313;05.04.18;09:11:53;430
1522912374;05.04.18;09:12:54;433
1522912435;05.04.18;09:13:55;510
1522912495;05.04.18;09:14:55;501
1522912556;05.04.18;09:15:56;5844
1522912617;05.04.18;09:16:57;5989
1522912678;05.04.18;09:17:58;1765
1522912738;05.04.18;09:18:58;421
1522912799;05.04.18;09:19:59;414
1522912860;05.04.18;09:21:00;420
1522912921;05.04.18;09:22:01;427
1522912981;05.04.18;09:23:01;5428
1522913042;05.04.18;09:24:02;5897
1522913103;05.04.18;09:25:03;6141
1522913163;05.04.18;09:26:03;526
1522913224;05.04.18;09:27:04;503
1522913285;05.04.18;09:28:05;452
1522913346;05.04.18;09:29:06;414
1522913406;05.04.18;09:30:06;413
1522913467;05.04.18;09:31:07;5796
1522913528;05.04.18;09:32:08;6111
1522913589;05.04.18;09:33:09;1699
1522913650;05.04.18;09:34:10;425
1522913710;05.04.18;09:35:10;418
1522913771;05.04.18;09:36:11;425
1522913832;05.04.18;09:37:12;432
1522913892;05.04.18;09:38:12;5742
1522913953;05.04.18;09:39:13;5953
1522914014;05.04.18;09:40:14;3135
1522914075;05.04.18;09:41:15;516
1522914136;05.04.18;09:42:16;413
1522914197;05.04.18;09:43:17;412
1522914257;05.04.18;09:44:17;412
1522914318;05.04.18;09:45:18;413
1522914379;05.04.18;09:46:19;5927
1522914440;05.04.18;09:47:20;5987
1522914500;05.04.18;09:48:20;1695
1522914561;05.04.18;09:49:21;427
1522914622;05.04.18;09:50:22;425
1522914682;05.04.18;09:51:22;429
1522914743;05.04.18;09:52:23;4238
1522914804;05.04.18;09:53:24;5885
1522914865;05.04.18;09:54:25;6068
1522914926;05.04.18;09:55:26;1765
1522914986;05.04.18;09:56:26;517
1522915047;05.04.18;09:57:27;507
1522915108;05.04.18;09:58:28;504
1522915169;05.04.18;09:59:29;5715
1522915229;05.04.18;10:00:29;5909
1522915290;05.04.18;10:01:30;6100
1522915351;05.04.18;10:02:31;1673
1522915412;05.04.18;10:03:32;431
1522915472;05.04.18;10:04:32;426
1522915533;05.04.18;10:05:33;5714
1522915594;05.04.18;10:06:34;5870
1522915655;05.04.18;10:07:35;6099
1522915716;05.04.18;10:08:36;1764
1522915776;05.04.18;10:09:36;431
1522915837;05.04.18;10:10:37;411
1522915898;05.04.18;10:11:38;411
1522915959;05.04.18;10:12:39;5902
1522916019;05.04.18;10:13:39;5982
1522916080;05.04.18;10:14:40;3183
1522916141;05.04.18;10:15:41;455
1522916202;05.04.18;10:16:42;430
1522916262;05.04.18;10:17:42;430
1522916323;05.04.18;10:18:43;430
1522916384;05.04.18;10:19:44;5801
1522916445;05.04.18;10:20:45;6084
1522916505;05.04.18;10:21:45;1662
1522916566;05.04.18;10:22:46;417
1522916627;05.04.18;10:23:47;411
1522916688;05.04.18;10:24:48;410
1522916748;05.04.18;10:25:48;409
1522916809;05.04.18;10:26:49;5703
1522916870;05.04.18;10:27:50;6017
1522916931;05.04.18;10:28:51;6151
1522916991;05.04.18;10:29:51;428
1522917052;05.04.18;10:30:52;5821
1522917113;05.04.18;10:31:53;5940
1522917174;05.04.18;10:32:54;2211
1522917235;05.04.18;10:33:55;452
1522917295;05.04.18;10:34:55;430
1522917356;05.04.18;10:35:56;429
1522917417;05.04.18;10:36:57;430
1522917478;05.04.18;10:37:58;5661
1522917539;05.04.18;10:38:59;5698
1522917599;05.04.18;10:39:59;5908
1522917660;05.04.18;10:41:00;5970
1522917721;05.04.18;10:42:01;6170
1522917781;05.04.18;10:43:01;1735
1522917842;05.04.18;10:44:02;508
1522917903;05.04.18;10:45:03;500
1522917964;05.04.18;10:46:04;5715
1522918024;05.04.18;10:47:04;5951
1522918085;05.04.18;10:48:05;6106
1522918146;05.04.18;10:49:06;441
1522918207;05.04.18;10:50:07;415
1522918268;05.04.18;10:51:08;413
1522918328;05.04.18;10:52:08;416
1522918389;05.04.18;10:53:09;5719
1522918450;05.04.18;10:54:10;5956
1522918511;05.04.18;10:55:11;6112
1522918571;05.04.18;10:56:11;6141
1522918632;05.04.18;10:57:12;430
1522918693;05.04.18;10:58:13;412
1522918754;05.04.18;10:59:14;410
1522918814;05.04.18;11:00:14;411
1522918875;05.04.18;11:01:15;5910
1522918936;05.04.18;11:02:16;6118
1522918997;05.04.18;11:03:17;1670
1522919057;05.04.18;11:04:17;498
1522919118;05.04.18;11:05:18;491
1522919179;05.04.18;11:06:19;418
1522919240;05.04.18;11:07:20;5900
1522919300;05.04.18;11:08:20;5987
1522919361;05.04.18;11:09:21;6176
1522919422;05.04.18;11:10:22;560
1522919483;05.04.18;11:11:23;434
1522919544;05.04.18;11:12:24;432
1522919604;05.04.18;11:13:24;5786
1522919665;05.04.18;11:14:25;6003
1522919726;05.04.18;11:15:26;6137
1522919786;05.04.18;11:16:26;1770
1522919847;05.04.18;11:17:27;424
1522919908;05.04.18;11:18:28;425
1522919969;05.04.18;11:19:29;426
1522920029;05.04.18;11:20:29;5890
1522920090;05.04.18;11:21:30;6031
1522920151;05.04.18;11:22:31;6125
1522920212;05.04.18;11:23:32;1796
1522920273;05.04.18;11:24:33;443
1522920333;05.04.18;11:25:33;423
1522920394;05.04.18;11:26:34;5746
1522920455;05.04.18;11:27:35;6024
1522920516;05.04.18;11:28:36;6113
1522920576;05.04.18;11:29:36;1747
1522920637;05.04.18;11:30:37;425
1522920698;05.04.18;11:31:38;413
1522920759;05.04.18;11:32:39;5747
1522920820;05.04.18;11:33:40;6002
1522920880;05.04.18;11:34:40;6138
1522920941;05.04.18;11:35:41;1749
1522921002;05.04.18;11:36:42;430
1522921063;05.04.18;11:37:43;410
1522921123;05.04.18;11:38:43;5837
1522921184;05.04.18;11:39:44;5927
1522921245;05.04.18;11:40:45;6125
1522921306;05.04.18;11:41:46;1831
1522921366;05.04.18;11:42:46;436
1522921427;05.04.18;11:43:47;416
1522921488;05.04.18;11:44:48;414
1522921549;05.04.18;11:45:49;5908
1522921610;05.04.18;11:46:50;6041
1522921670;05.04.18;11:47:50;6075
1522921731;05.04.18;11:48:51;527
1522921792;05.04.18;11:49:52;429
1522921852;05.04.18;11:50:52;432
1522921913;05.04.18;11:51:53;5820
1522921974;05.04.18;11:52:54;6030
1522922035;05.04.18;11:53:55;6071
1522922095;05.04.18;11:54:55;518
1522922156;05.04.18;11:55:56;500
1522922217;05.04.18;11:56:57;500
1522922278;05.04.18;11:57:58;5933
1522922338;05.04.18;11:58:58;5991
1522922399;05.04.18;11:59:59;6184
1522922460;05.04.18;12:01:00;523
1522922521;05.04.18;12:02:01;513
1522922582;05.04.18;12:03:02;513
1522922642;05.04.18;12:04:02;5820
1522922703;05.04.18;12:05:03;6037
1522922764;05.04.18;12:06:04;6167
1522922825;05.04.18;12:07:05;519
1522922885;05.04.18;12:08:05;502
1522922946;05.04.18;12:09:06;502
1522923007;05.04.18;12:10:07;498
1522923068;05.04.18;12:11:08;499
1522923128;05.04.18;12:12:08;5962
1522923189;05.04.18;12:13:09;6121
1522923250;05.04.18;12:14:10;1698
1522923311;05.04.18;12:15:11;431
1522923372;05.04.18;12:16:12;426
1522923432;05.04.18;12:17:12;428
1522923493;05.04.18;12:18:13;429
1522923554;05.04.18;12:19:14;5760
1522923615;05.04.18;12:20:15;6028
1522923675;05.04.18;12:21:15;2236
1522923736;05.04.18;12:22:16;524
1522923797;05.04.18;12:23:17;505
1522923858;05.04.18;12:24:18;499
1522923918;05.04.18;12:25:18;413
1522923979;05.04.18;12:26:19;414
1522924040;05.04.18;12:27:20;5995
1522924101;05.04.18;12:28:21;6080
1522924161;05.04.18;12:29:21;519
1522924222;05.04.18;12:30:22;414
1522924283;05.04.18;12:31:23;413
1522924343;05.04.18;12:32:23;413
1522924404;05.04.18;12:33:24;431
1522924465;05.04.18;12:34:25;5886
1522924526;05.04.18;12:35:26;6097
1522924587;05.04.18;12:36:27;1794
1522924647;05.04.18;12:37:27;422
1522924708;05.04.18;12:38:28;426
1522924769;05.04.18;12:39:29;514
1522924830;05.04.18;12:40:30;412
1522924890;05.04.18;12:41:30;5699
1522924951;05.04.18;12:42:31;5963
1522925012;05.04.18;12:43:32;6121
1522925073;05.04.18;12:44:33;438
1522925133;05.04.18;12:45:33;419
1522925194;05.04.18;12:46:34;435
1522925255;05.04.18;12:47:35;2364
1522925315;05.04.18;12:48:35;6004
1522925376;05.04.18;12:49:36;6001
1522925437;05.04.18;12:50:37;6137
1522925498;05.04.18;12:51:38;519
1522925559;05.04.18;12:52:39;498
1522925619;05.04.18;12:53:39;412
1522925680;05.04.18;12:54:40;416
1522925741;05.04.18;12:55:41;5783
1522925802;05.04.18;12:56:42;6106
1522925862;05.04.18;12:57:42;6087
1522925923;05.04.18;12:58:43;1693
1522925984;05.04.18;12:59:44;425
1522926045;05.04.18;13:00:45;426
1522926105;05.04.18;13:01:45;519
1522926166;05.04.18;13:02:46;507
1522926227;05.04.18;13:03:47;5926
1522926288;05.04.18;13:04:48;6040
1522926349;05.04.18;13:05:49;1715
1522926409;05.04.18;13:06:49;431
1522926470;05.04.18;13:07:50;429
1522926531;05.04.18;13:08:51;465
1522926592;05.04.18;13:09:52;510
1522926652;05.04.18;13:10:52;503
1522926713;05.04.18;13:11:53;497
1522926774;05.04.18;13:12:54;415
1522926835;05.04.18;13:13:55;410
1522926895;05.04.18;13:14:55;414
1522926956;05.04.18;13:15:56;416
1522927017;05.04.18;13:16:57;423
1522927078;05.04.18;13:17:58;428
1522927139;05.04.18;13:18:59;435
1522927199;05.04.18;13:19:59;5901
1522927260;05.04.18;13:21:00;6100
1522927321;05.04.18;13:22:01;433
1522927382;05.04.18;13:23:02;420
1522927442;05.04.18;13:24:02;426
1522927503;05.04.18;13:25:03;434
1522927564;05.04.18;13:26:04;516
1522927625;05.04.18;13:27:05;501
1522927686;05.04.18;13:28:06;414
1522927747;05.04.18;13:29:07;414
1522927807;05.04.18;13:30:07;416
1522927868;05.04.18;13:31:08;427
1522927929;05.04.18;13:32:09;434
1522927990;05.04.18;13:33:10;523
1522928051;05.04.18;13:34:11;509
1522928111;05.04.18;13:35:11;498
1522928172;05.04.18;13:36:12;431
1522928233;05.04.18;13:37:13;412
1522928293;05.04.18;13:38:13;414
1522928354;05.04.18;13:39:14;413
1522928415;05.04.18;13:40:15;418
1522928476;05.04.18;13:41:16;424
1522928536;05.04.18;13:42:16;5688
1522928597;05.04.18;13:43:17;5972
1522928658;05.04.18;13:44:18;3320
1522928719;05.04.18;13:45:19;532
1522928780;05.04.18;13:46:20;502
1522928840;05.04.18;13:47:20;472
1522928901;05.04.18;13:48:21;415
1522928962;05.04.18;13:49:22;414
1522929023;05.04.18;13:50:23;420
1522929083;05.04.18;13:51:23;5837
1522929144;05.04.18;13:52:24;6134
1522929205;05.04.18;13:53:25;6183
1522929266;05.04.18;13:54:26;6170
1522929327;05.04.18;13:55:27;543
1522929387;05.04.18;13:56:27;438
1522929448;05.04.18;13:57:28;519
1522929509;05.04.18;13:58:29;513
1522929569;05.04.18;13:59:29;510
1522929630;05.04.18;14:00:30;500
1522929691;05.04.18;14:01:31;5931
1522929752;05.04.18;14:02:32;6047
1522929812;05.04.18;14:03:32;1751
1522929873;05.04.18;14:04:33;511
1522929934;05.04.18;14:05:34;435
1522929994;05.04.18;14:06:34;416
1522930055;05.04.18;14:07:35;413
1522930116;05.04.18;14:08:36;5246
1522930177;05.04.18;14:09:37;5996
1522930237;05.04.18;14:10:37;6205
1522930298;05.04.18;14:11:38;452
1522930359;05.04.18;14:12:39;430
1522930420;05.04.18;14:13:40;434
1522930480;05.04.18;14:14:40;534
1522930541;05.04.18;14:15:41;512
1522930602;05.04.18;14:16:42;5898
1522930663;05.04.18;14:17:43;6142
1522930723;05.04.18;14:18:43;551
1522930784;05.04.18;14:19:44;423
1522930845;05.04.18;14:20:45;425
1522930906;05.04.18;14:21:46;427
1522930966;05.04.18;14:22:46;436
1522931027;05.04.18;14:23:47;5832
1522931088;05.04.18;14:24:48;6027
1522931149;05.04.18;14:25:49;1696
1522931209;05.04.18;14:26:49;423
1522931270;05.04.18;14:27:50;420
1522931331;05.04.18;14:28:51;420
1522931392;05.04.18;14:29:52;427
1522931453;05.04.18;14:30:53;5704
1522931513;05.04.18;14:31:53;6058
1522931574;05.04.18;14:32:54;2846
1522931635;05.04.18;14:33:55;439
1522931696;05.04.18;14:34:56;421
1522931756;05.04.18;14:35:56;425
1522931817;05.04.18;14:36:57;436
1522931878;05.04.18;14:37:58;522
1522931939;05.04.18;14:38:59;510
1522932000;05.04.18;14:40:00;5913
1522932060;05.04.18;14:41:00;6144
1522932121;05.04.18;14:42:01;442
1522932182;05.04.18;14:43:02;415
1522932242;05.04.18;14:44:02;416
1522932303;05.04.18;14:45:03;422
1522932364;05.04.18;14:46:04;429
1522932425;05.04.18;14:47:05;5595
1522932485;05.04.18;14:48:05;6043
1522932546;05.04.18;14:49:06;6199
1522932607;05.04.18;14:50:07;534
1522932668;05.04.18;14:51:08;507
1522932729;05.04.18;14:52:09;504
1522932789;05.04.18;14:53:09;498
1522932850;05.04.18;14:54:10;413
1522932911;05.04.18;14:55:11;5960
1522932972;05.04.18;14:56:12;6157
1522933032;05.04.18;14:57:12;1686
1522933093;05.04.18;14:58:13;421
1522933154;05.04.18;14:59:14;427
1522933215;05.04.18;15:00:15;433
1522933275;05.04.18;15:01:15;559
1522933336;05.04.18;15:02:16;5863
1522933397;05.04.18;15:03:17;6060
1522933458;05.04.18;15:04:18;1894
1522933518;05.04.18;15:05:18;576
1522933579;05.04.18;15:06:19;518
1522933640;05.04.18;15:07:20;509
1522933640;05.04.18;15:07:20;509
1522933701;05.04.18;15:08:21;504
1522933761;05.04.18;15:09:21;3064
1522933822;05.04.18;15:10:22;6003
1522933883;05.04.18;15:11:23;6184
1522933944;05.04.18;15:12:24;436
1522934005;05.04.18;15:13:25;414
1522934065;05.04.18;15:14:25;416
1522934126;05.04.18;15:15:26;417
1522934187;05.04.18;15:16:27;421
1522934248;05.04.18;15:17:28;5888
1522934308;05.04.18;15:18:28;6045
1522934369;05.04.18;15:19:29;439
1522934430;05.04.18;15:20:30;436
1522934430;05.04.18;15:20:30;436
1522934490;05.04.18;15:21:30;415
1522934551;05.04.18;15:22:31;417
1522934612;05.04.18;15:23:32;434
1522934673;05.04.18;15:24:33;5914
1522934734;05.04.18;15:25:34;6089
1522934794;05.04.18;15:26:34;1975
1522934855;05.04.18;15:27:35;529
1522934916;05.04.18;15:28:36;506
1522934977;05.04.18;15:29:37;416
1522935037;05.04.18;15:30:37;417
1522935098;05.04.18;15:31:38;1418
1522935159;05.04.18;15:32:39;6005
1522935220;05.04.18;15:33:40;6178
1522935280;05.04.18;15:34:40;460
1522935341;05.04.18;15:35:41;562
1522935341;05.04.18;15:35:41;562
1522935402;05.04.18;15:36:42;515
1522935463;05.04.18;15:37:43;505
1522935463;05.04.18;15:37:43;505
1522935523;05.04.18;15:38:43;416
1522935584;05.04.18;15:39:44;5920
1522935645;05.04.18;15:40:45;6118
1522935706;05.04.18;15:41:46;1847
1522935766;05.04.18;15:42:46;444
1522935827;05.04.18;15:43:47;519
1522935888;05.04.18;15:44:48;512
1522935949;05.04.18;15:45:49;1581
1522936009;05.04.18;15:46:49;6023
1522936070;05.04.18;15:47:50;6166
1522936131;05.04.18;15:48:51;517
1522936191;05.04.18;15:49:51;496
1522936252;05.04.18;15:50:52;414
1522936313;05.04.18;15:51:53;413
1522936374;05.04.18;15:52:54;870
1522936435;05.04.18;15:53:55;6003
1522936495;05.04.18;15:54:55;6110
1522936556;05.04.18;15:55:56;460
1522936617;05.04.18;15:56:57;438
1522936678;05.04.18;15:57:58;525
1522936738;05.04.18;15:58:58;513
1522936799;05.04.18;15:59:59;508
1522936860;05.04.18;16:01:00;6025
1522936920;05.04.18;16:02:00;6138
1522936981;05.04.18;16:03:01;1669
1522937042;05.04.18;16:04:02;433
1522937103;05.04.18;16:05:03;428
1522937163;05.04.18;16:06:03;507
1522937224;05.04.18;16:07:04;498
1522937285;05.04.18;16:08:05;5858
1522937346;05.04.18;16:09:06;6057
1522937407;05.04.18;16:10:07;1823
1522937467;05.04.18;16:11:07;421
1522937528;05.04.18;16:12:08;414
1522937589;05.04.18;16:13:09;422
1522937650;05.04.18;16:14:10;426
1522937710;05.04.18;16:15:10;5863
1522937771;05.04.18;16:16:11;6105
1522937832;05.04.18;16:17:12;1758
1522937893;05.04.18;16:18:13;513
1522937953;05.04.18;16:19:13;499
1522938014;05.04.18;16:20:14;492
1522938075;05.04.18;16:21:15;410
1522938136;05.04.18;16:22:16;408
1522938197;05.04.18;16:23:17;409
1522938257;05.04.18;16:24:17;415
1522938318;05.04.18;16:25:18;424
1522938379;05.04.18;16:26:19;428
1522938440;05.04.18;16:27:20;510
1522938500;05.04.18;16:28:20;499
1522938561;05.04.18;16:29:21;411
1522938622;05.04.18;16:30:22;411
1522938683;05.04.18;16:31:23;413
1522938744;05.04.18;16:32:24;420
1522938804;05.04.18;16:33:24;429
1522938865;05.04.18;16:34:25;538
1522938926;05.04.18;16:35:26;501
1522938987;05.04.18;16:36:27;415
1522939047;05.04.18;16:37:27;413
1522939108;05.04.18;16:38:28;413
1522939169;05.04.18;16:39:29;418
1522939230;05.04.18;16:40:30;429
1522939290;05.04.18;16:41:30;510
1522939351;05.04.18;16:42:31;497
1522939412;05.04.18;16:43:32;411
1522939473;05.04.18;16:44:33;413
1522939534;05.04.18;16:45:34;415
1522939594;05.04.18;16:46:34;424
1522939655;05.04.18;16:47:35;432
1522939716;05.04.18;16:48:36;508
1522939777;05.04.18;16:49:37;497
1522939837;05.04.18;16:50:37;411
1522939898;05.04.18;16:51:38;412
1522939959;05.04.18;16:52:39;411
1522940020;05.04.18;16:53:40;422
1522940081;05.04.18;16:54:41;430
1522940141;05.04.18;16:55:41;507
1522940202;05.04.18;16:56:42;495
1522940263;05.04.18;16:57:43;410
1522940324;05.04.18;16:58:44;413
1522940384;05.04.18;16:59:44;416
1522940445;05.04.18;17:00:45;426
1522940506;05.04.18;17:01:46;524
1522940567;05.04.18;17:02:47;499
1522940628;05.04.18;17:03:48;5998
1522940688;05.04.18;17:04:48;1945
1522940749;05.04.18;17:05:49;437
1522940810;05.04.18;17:06:50;428
1522940871;05.04.18;17:07:51;510
1522940931;05.04.18;17:08:51;409
1522940992;05.04.18;17:09:52;414
1522941053;05.04.18;17:10:53;428
1522941114;05.04.18;17:11:54;504
1522941174;05.04.18;17:12:54;410
1522941235;05.04.18;17:13:55;417
1522941296;05.04.18;17:14:56;429
1522941357;05.04.18;17:15:57;506
1522941417;05.04.18;17:16:57;412
1522941478;05.04.18;17:17:58;411
1522941539;05.04.18;17:18:59;418
1522941600;05.04.18;17:20:00;427
1522941660;05.04.18;17:21:00;515
1522941721;05.04.18;17:22:01;495
1522941782;05.04.18;17:23:02;410
1522941843;05.04.18;17:24:03;413
1522941903;05.04.18;17:25:03;421
1522941964;05.04.18;17:26:04;430
1522942025;05.04.18;17:27:05;509
1522942086;05.04.18;17:28:06;451
1522942146;05.04.18;17:29:06;411
1522942207;05.04.18;17:30:07;414
1522942268;05.04.18;17:31:08;424
1522942329;05.04.18;17:32:09;566
1522942389;05.04.18;17:33:09;499
1522942450;05.04.18;17:34:10;411
1522942511;05.04.18;17:35:11;414
1522942572;05.04.18;17:36:12;417
1522942632;05.04.18;17:37:12;429
1522942693;05.04.18;17:38:13;517
1522942754;05.04.18;17:39:14;499
1522942815;05.04.18;17:40:15;409
1522942875;05.04.18;17:41:15;411
1522942936;05.04.18;17:42:16;418
1522942997;05.04.18;17:43:17;431
1522943058;05.04.18;17:44:18;510
1522943119;05.04.18;17:45:19;494
1522943179;05.04.18;17:46:19;412
1522943240;05.04.18;17:47:20;412
1522943301;05.04.18;17:48:21;418
1522943362;05.04.18;17:49:22;429
1522943422;05.04.18;17:50:22;511
1522943483;05.04.18;17:51:23;494
1522943544;05.04.18;17:52:24;413
1522943605;05.04.18;17:53:25;413
1522943665;05.04.18;17:54:25;419
1522943726;05.04.18;17:55:26;429
1522943787;05.04.18;17:56:27;515
1522943847;05.04.18;17:57:27;498
1522943908;05.04.18;17:58:28;411
1522943969;05.04.18;17:59:29;412
1522944030;05.04.18;18:00:30;420
1522944090;05.04.18;18:01:30;428
1522944151;05.04.18;18:02:31;518
1522944212;05.04.18;18:03:32;500
1522944272;05.04.18;18:04:32;412
1522944333;05.04.18;18:05:33;414
1522944394;05.04.18;18:06:34;422
1522944455;05.04.18;18:07:35;432
1522944516;05.04.18;18:08:36;514
1522944576;05.04.18;18:09:36;499
1522944637;05.04.18;18:10:37;411
1522944698;05.04.18;18:11:38;5851
1522944759;05.04.18;18:12:39;6098
1522944819;05.04.18;18:13:39;437
1522944880;05.04.18;18:14:40;427
1522944941;05.04.18;18:15:41;524
1522945002;05.04.18;18:16:42;502
1522945062;05.04.18;18:17:42;413
1522945123;05.04.18;18:18:43;415
1522945184;05.04.18;18:19:44;422
1522945245;05.04.18;18:20:45;435
1522945306;05.04.18;18:21:46;506
1522945366;05.04.18;18:22:46;413
1522945427;05.04.18;18:23:47;415
1522945487;05.04.18;18:24:47;419
1522945548;05.04.18;18:25:48;429
1522945609;05.04.18;18:26:49;516
1522945670;05.04.18;18:27:50;499
1522945731;05.04.18;18:28:51;414
1522945791;05.04.18;18:29:51;414
1522945852;05.04.18;18:30:52;422
1522945913;05.04.18;18:31:53;432
1522945974;05.04.18;18:32:54;515
1522946034;05.04.18;18:33:54;499
1522946095;05.04.18;18:34:55;413
1522946156;05.04.18;18:35:56;413
1522946217;05.04.18;18:36:57;421
1522946277;05.04.18;18:37:57;429
1522946338;05.04.18;18:38:58;513
1522946399;05.04.18;18:39:59;500
1522946460;05.04.18;18:41:00;412
1522946520;05.04.18;18:42:00;416
1522946581;05.04.18;18:43:01;420
1522946642;05.04.18;18:44:02;430
1522946703;05.04.18;18:45:03;517
1522946763;05.04.18;18:46:03;501
1522946824;05.04.18;18:47:04;412
1522946885;05.04.18;18:48:05;414
1522946946;05.04.18;18:49:06;421
1522947006;05.04.18;18:50:06;430
1522947067;05.04.18;18:51:07;512
1522947128;05.04.18;18:52:08;499
1522947189;05.04.18;18:53:09;414
1522947249;05.04.18;18:54:09;412
1522947310;05.04.18;18:55:10;419
1522947371;05.04.18;18:56:11;429
1522947432;05.04.18;18:57:12;519
1522947492;05.04.18;18:58:12;500
1522947553;05.04.18;18:59:13;411
1522947614;05.04.18;19:00:14;414
1522947674;05.04.18;19:01:14;418
1522947735;05.04.18;19:02:15;429
1522947796;05.04.18;19:03:16;515
1522947857;05.04.18;19:04:17;499
1522947917;05.04.18;19:05:17;410
1522947978;05.04.18;19:06:18;414
1522948039;05.04.18;19:07:19;420
1522948100;05.04.18;19:08:20;430
1522948160;05.04.18;19:09:20;510
1522948221;05.04.18;19:10:21;495
1522948282;05.04.18;19:11:22;413
1522948343;05.04.18;19:12:23;412
1522948404;05.04.18;19:13:24;424
1522948464;05.04.18;19:14:24;433
1522948525;05.04.18;19:15:25;507
1522948586;05.04.18;19:16:26;412
1522948647;05.04.18;19:17:27;414
1522948707;05.04.18;19:18:27;416
1522948768;05.04.18;19:19:28;4955
1522948829;05.04.18;19:20:29;6048
1522948890;05.04.18;19:21:30;1806
1522948950;05.04.18;19:22:30;513
1522949011;05.04.18;19:23:31;412
1522949072;05.04.18;19:24:32;412
1522949133;05.04.18;19:25:33;421
1522949193;05.04.18;19:26:33;432
1522949254;05.04.18;19:27:34;505
1522949315;05.04.18;19:28:35;413
1522949376;05.04.18;19:29:36;411
1522949437;05.04.18;19:30:37;416
1522949497;05.04.18;19:31:37;430
1522949558;05.04.18;19:32:38;516
1522949619;05.04.18;19:33:39;499
1522949680;05.04.18;19:34:40;413
1522949740;05.04.18;19:35:40;415
1522949801;05.04.18;19:36:41;426
1522949862;05.04.18;19:37:42;543
1522949923;05.04.18;19:38:43;503
1522949983;05.04.18;19:39:43;413
1522950044;05.04.18;19:40:44;413
1522950105;05.04.18;19:41:45;423
1522950166;05.04.18;19:42:46;433
1522950226;05.04.18;19:43:46;509
1522950287;05.04.18;19:44:47;414
1522950348;05.04.18;19:45:48;411
1522950409;05.04.18;19:46:49;420
1522950469;05.04.18;19:47:49;430
1522950530;05.04.18;19:48:50;515
1522950591;05.04.18;19:49:51;499
1522950652;05.04.18;19:50:52;415
1522950712;05.04.18;19:51:52;416
1522950773;05.04.18;19:52:53;425
1522950834;05.04.18;19:53:54;435
1522950895;05.04.18;19:54:55;502
1522950955;05.04.18;19:55:55;413
1522950955;05.04.18;19:55:55;413
1522951016;05.04.18;19:56:56;417
1522951077;05.04.18;19:57:57;421
1522951138;05.04.18;19:58:58;431
1522951199;05.04.18;19:59:59;510
1522951259;05.04.18;20:00:59;413
1522951320;05.04.18;20:02:00;415
1522951381;05.04.18;20:03:01;420
1522951442;05.04.18;20:04:02;433
1522951502;05.04.18;20:05:02;513
1522951563;05.04.18;20:06:03;414
1522951624;05.04.18;20:07:04;415
1522951685;05.04.18;20:08:05;420
1522951746;05.04.18;20:09:06;431
1522951806;05.04.18;20:10:06;512
1522951867;05.04.18;20:11:07;419
1522951928;05.04.18;20:12:08;415
1522951989;05.04.18;20:13:09;417
1522952049;05.04.18;20:14:09;428
1522952110;05.04.18;20:15:10;516
1522952110;05.04.18;20:15:10;516
1522952171;05.04.18;20:16:11;497
1522952232;05.04.18;20:17:12;412
1522952293;05.04.18;20:18:13;418
1522952353;05.04.18;20:19:13;428
1522952414;05.04.18;20:20:14;522
1522952475;05.04.18;20:21:15;500
1522952535;05.04.18;20:22:15;415
1522952596;05.04.18;20:23:16;417
1522952657;05.04.18;20:24:17;424
1522952718;05.04.18;20:25:18;568
1522952778;05.04.18;20:26:18;500
1522952839;05.04.18;20:27:19;5931
1522952900;05.04.18;20:28:20;2082
1522952961;05.04.18;20:29:21;433
1522953021;05.04.18;20:30:21;434
1522953082;05.04.18;20:31:22;501
1522953143;05.04.18;20:32:23;413
1522953204;05.04.18;20:33:24;414
1522953264;05.04.18;20:34:24;428
1522953325;05.04.18;20:35:25;515
1522953386;05.04.18;20:36:26;492
1522953447;05.04.18;20:37:27;413
1522953508;05.04.18;20:38:28;418
1522953568;05.04.18;20:39:28;428
1522953629;05.04.18;20:40:29;511
1522953690;05.04.18;20:41:30;429
1522953751;05.04.18;20:42:31;411
1522953811;05.04.18;20:43:31;417
1522953872;05.04.18;20:44:32;429
1522953933;05.04.18;20:45:33;514
1522953994;05.04.18;20:46:34;491
1522954054;05.04.18;20:47:34;411
1522954115;05.04.18;20:48:35;413
1522954176;05.04.18;20:49:36;427
1522954237;05.04.18;20:50:37;514
1522954298;05.04.18;20:51:38;494
1522954358;05.04.18;20:52:38;412
1522954419;05.04.18;20:53:39;417
1522954480;05.04.18;20:54:40;427
1522954541;05.04.18;20:55:41;511
1522954601;05.04.18;20:56:41;418
1522954662;05.04.18;20:57:42;414
1522954723;05.04.18;20:58:43;417
1522954784;05.04.18;20:59:44;430
1522954844;05.04.18;21:00:44;513
1522954905;05.04.18;21:01:45;415
1522954966;05.04.18;21:02:46;413
1522955027;05.04.18;21:03:47;420
1522955087;05.04.18;21:04:47;430
1522955148;05.04.18;21:05:48;510
1522955209;05.04.18;21:06:49;411
1522955270;05.04.18;21:07:50;415
1522955331;05.04.18;21:08:51;419
1522955391;05.04.18;21:09:51;432
1522955452;05.04.18;21:10:52;508
1522955513;05.04.18;21:11:53;412
1522955574;05.04.18;21:12:54;412
1522955635;05.04.18;21:13:55;420
1522955695;05.04.18;21:14:55;431
1522955756;05.04.18;21:15:56;508
1522955817;05.04.18;21:16:57;413
1522955878;05.04.18;21:17:58;414
1522955938;05.04.18;21:18:58;423
1522955999;05.04.18;21:19:59;435
1522956060;05.04.18;21:21:00;501
1522956121;05.04.18;21:22:01;412
1522956181;05.04.18;21:23:01;414
1522956242;05.04.18;21:24:02;425
1522956303;05.04.18;21:25:03;568
1522956364;05.04.18;21:26:04;501
1522956425;05.04.18;21:27:05;415
1522956485;05.04.18;21:28:05;416
1522956546;05.04.18;21:29:06;427
1522956607;05.04.18;21:30:07;513
1522956667;05.04.18;21:31:07;418
1522956728;05.04.18;21:32:08;415
1522956789;05.04.18;21:33:09;420
1522956849;05.04.18;21:34:09;5911
1522956910;05.04.18;21:35:10;6194
1522956971;05.04.18;21:36:11;438
1522957031;05.04.18;21:37:11;415
1522957092;05.04.18;21:38:12;430
1522957153;05.04.18;21:39:13;514
1522957214;05.04.18;21:40:14;415
1522957275;05.04.18;21:41:15;418
1522957335;05.04.18;21:42:15;427
1522957396;05.04.18;21:43:16;530
1522957457;05.04.18;21:44:17;434
1522957518;05.04.18;21:45:18;417
1522957578;05.04.18;21:46:18;424
1522957639;05.04.18;21:47:19;553
1522957700;05.04.18;21:48:20;501
1522957761;05.04.18;21:49:21;416
1522957822;05.04.18;21:50:22;422
1522957882;05.04.18;21:51:22;435
1522957943;05.04.18;21:52:23;511
1522958004;05.04.18;21:53:24;417
1522958065;05.04.18;21:54:25;418
1522958125;05.04.18;21:55:25;432
1522958186;05.04.18;21:56:26;521
1522958247;05.04.18;21:57:27;414
1522958308;05.04.18;21:58:28;416
1522958368;05.04.18;21:59:28;423
1522958429;05.04.18;22:00:29;439
1522958490;05.04.18;22:01:30;505
1522958551;05.04.18;22:02:31;416
1522958611;05.04.18;22:03:31;413
1522958672;05.04.18;22:04:32;423
1522958733;05.04.18;22:05:33;533
1522958794;05.04.18;22:06:34;494
1522958854;05.04.18;22:07:34;409
1522958915;05.04.18;22:08:35;413
1522958976;05.04.18;22:09:36;427
1522959037;05.04.18;22:10:37;508
1522959097;05.04.18;22:11:37;412
1522959158;05.04.18;22:12:38;412
1522959219;05.04.18;22:13:39;418
1522959280;05.04.18;22:14:40;431
1522959341;05.04.18;22:15:41;507
1522959401;05.04.18;22:16:41;411
1522959462;05.04.18;22:17:42;412
1522959523;05.04.18;22:18:43;420
1522959584;05.04.18;22:19:44;432
1522959644;05.04.18;22:20:44;500
1522959705;05.04.18;22:21:45;409
1522959766;05.04.18;22:22:46;413
1522959827;05.04.18;22:23:47;423
1522959888;05.04.18;22:24:48;559
1522959948;05.04.18;22:25:48;494
1522960009;05.04.18;22:26:49;410
1522960070;05.04.18;22:27:50;414
1522960131;05.04.18;22:28:51;425
1522960191;05.04.18;22:29:51;513
1522960252;05.04.18;22:30:52;411
1522960313;05.04.18;22:31:53;410
1522960374;05.04.18;22:32:54;418
1522960435;05.04.18;22:33:55;430
1522960495;05.04.18;22:34:55;505
1522960556;05.04.18;22:35:56;410
1522960617;05.04.18;22:36:57;413
1522960678;05.04.18;22:37:58;421
1522960738;05.04.18;22:38:58;431
1522960799;05.04.18;22:39:59;501
1522960860;05.04.18;22:41:00;5801
1522960921;05.04.18;22:42:01;6069
1522960982;05.04.18;22:43:02;1710
1522961042;05.04.18;22:44:02;513
1522961103;05.04.18;22:45:03;411
1522961164;05.04.18;22:46:04;413
1522961225;05.04.18;22:47:05;428
1522961285;05.04.18;22:48:05;509
1522961346;05.04.18;22:49:06;410
1522961407;05.04.18;22:50:07;411
1522961468;05.04.18;22:51:08;424
1522961528;05.04.18;22:52:08;516
1522961589;05.04.18;22:53:09;429
1522961650;05.04.18;22:54:10;413
1522961711;05.04.18;22:55:11;419
1522961771;05.04.18;22:56:11;431
1522961832;05.04.18;22:57:12;497
1522961893;05.04.18;22:58:13;412
1522961954;05.04.18;22:59:14;415
1522962015;05.04.18;23:00:15;431
1522962075;05.04.18;23:01:15;507
1522962136;05.04.18;23:02:16;410
1522962197;05.04.18;23:03:17;413
1522962258;05.04.18;23:04:18;426
1522962319;05.04.18;23:05:19;514
1522962379;05.04.18;23:06:19;412
1522962440;05.04.18;23:07:20;412
1522962501;05.04.18;23:08:21;421
1522962562;05.04.18;23:09:22;434
1522962622;05.04.18;23:10:22;497
1522962683;05.04.18;23:11:23;412
1522962744;05.04.18;23:12:24;416
1522962805;05.04.18;23:13:25;428
1522962865;05.04.18;23:14:25;510
1522962926;05.04.18;23:15:26;411
1522962987;05.04.18;23:16:27;413
1522963048;05.04.18;23:17:28;422
1522963109;05.04.18;23:18:29;434
1522963169;05.04.18;23:19:29;499
1522963230;05.04.18;23:20:30;413
1522963291;05.04.18;23:21:31;416
1522963352;05.04.18;23:22:32;429
1522963412;05.04.18;23:23:32;513
1522963473;05.04.18;23:24:33;413
1522963534;05.04.18;23:25:34;415
1522963595;05.04.18;23:26:35;423
1522963655;05.04.18;23:27:35;485
1522963716;05.04.18;23:28:36;499
1522963777;05.04.18;23:29:37;415
1522963838;05.04.18;23:30:38;417
1522963899;05.04.18;23:31:39;431
1522963959;05.04.18;23:32:39;507
1522964020;05.04.18;23:33:40;412
1522964081;05.04.18;23:34:41;414
1522964142;05.04.18;23:35:42;425
1522964202;05.04.18;23:36:42;542
1522964263;05.04.18;23:37:43;497
1522964324;05.04.18;23:38:44;414
1522964385;05.04.18;23:39:45;419
1522964445;05.04.18;23:40:45;432
1522964506;05.04.18;23:41:46;506
1522964567;05.04.18;23:42:47;410
1522964628;05.04.18;23:43:48;413
1522964688;05.04.18;23:44:48;422
1522964749;05.04.18;23:45:49;545
1522964810;05.04.18;23:46:50;465
1522964871;05.04.18;23:47:51;5823
1522964931;05.04.18;23:48:51;6089
1522964992;05.04.18;23:49:52;1799
1522965053;05.04.18;23:50:53;410
1522965114;05.04.18;23:51:54;415
1522965174;05.04.18;23:52:54;426
1522965235;05.04.18;23:53:55;510
1522965296;05.04.18;23:54:56;413
1522965357;05.04.18;23:55:57;416
1522965417;05.04.18;23:56:57;428
1522965478;05.04.18;23:57:58;513
1522965539;05.04.18;23:58:59;413
